Domain,R2,MAPE,Accuracy,AUC
Women,0.552013530170979,33.91465645858749,0.8181818181818182,0.9444444444444444
Children,0.9609337570495207,14.950227993529328,0.8484848484848485,0.9518518518518518
Juvenile,0.99390330815158,1059585.0871054535,0.9696969696969697,1.0
Human Traficking,0.699104605804818,84667.29654599275,0.9090909090909091,0.9305555555555556
